Claim,Label
"Embrace the power of healthy, beautiful tresses that shine.",Intangible
Enhance the natural beauty of your hair with every wash.,Intangible
Infuse your hair with the essence of luxury.,Intangible
Reveal the goddess within through your stunning hair.,Intangible
Say goodbye to frizz and hello to sleek perfection.,Intangible
Experience the ultimate in hair care indulgence.,Intangible
Treat your hair to a luxurious experience.,Intangible
Renew your hair's vitality with a single wash.,Intangible
Unlock the key to hair that shines from within.,Intangible
Indulge in a pampering experience for your hair.,Intangible
Transform dull locks into luscious strands.,Intangible
Revive your hair with the ultimate nourishment.,Intangible
Radiate confidence with every swish of your healthy tresses.,Intangible
"Experience the thrill of good hair days, every day.",Intangible
Unlock the potential for stunning hair with our revitalizing formula.,Intangible
"Embrace the luxury of soft, touchable hair.",Intangible
Unleash the beauty within your reach.,Intangible
"Awaken your senses to the beauty of soft, touchable hair.",Intangible
Envelop your hair in a cocoon of nourishment.,Intangible
Experience the magic of hair that is caress-worthy.,Intangible
Elevate your hair care routine with the ultimate in nourishing treatments for hair that captivates.,Intangible
"Unlock the secret to glossy, manageable hair with our enriching formula.",Intangible
Illuminate your mane with brilliance and luster.,Intangible
"Transform dry, lifeless hair into a waterfall of vibrancy.",Intangible
Say yes to hair that feels as good as it looks.,Intangible
Lock in moisture for long-lasting hydration.,Intangible
Make every day a good hair day with our nourishing formula.,Intangible
Elevate your hair game with our transformative formula.,Intangible
Show your hair some love with a nourishing wash.,Intangible
"Imbue your hair with strength, shine, and beauty.",Intangible
Immerse yourself in a world of luxury hair care.,Intangible
"Rediscover the joy of healthy, radiant hair.",Intangible
"Wield the power of shiny, silky hair.",Intangible
Embrace the essence of vibrant and luscious locks.,Intangible
"Unlock the secret to radiant, vibrant hair with our shampoo.",Intangible
Unleash the potential of your hair with ease.,Intangible
Enhance your natural beauty with our enriching formula.,Intangible
Make a statement with hair that shines.,Intangible
Elevate your hair game with a superior formula.,Intangible
Achieve Instagram-worthy hair effortlessly.,Intangible
Celebrate the beauty of nourished and hydrated locks.,Intangible
Elevate your hair game with salon-worthy results.,Intangible
Transform your hair routine into a pampering experience.,Intangible
Embrace the journey to your dream hair.,Intangible
Revitalize your hair and infuse it with a radiant glow that shines like a beacon of beauty.,Intangible
Unlock the secret to hair that exudes confidence.,Intangible
Transform your hair into a shiny masterpiece.,Intangible
Unleash the potential of your hair with our revitalizing shampoo.,Intangible
Protect your hair from damage and breakage.,Intangible
"Say goodbye to dry, damaged hair and hello to revitalized strands.",Intangible
Illuminate your hair with newfound vibrancy.,Intangible
Fall in love with your hair all over again.,Intangible
Witness the magic of hair rebirth.,Intangible
Say goodbye to dullness and embrace vibrancy.,Intangible
Keep your hair looking salon-fresh every day.,Intangible
Elevate your hair routine to a pampering experience.,Intangible
Say hello to hair that feels as good as it looks.,Intangible
"Discover the key to irresistible, glossy hair.",Intangible
Make every wash a luxurious experience for your hair.,Intangible
"Experience the miracle of healthier, more manageable hair.",Intangible
"Embrace the beauty of natural, healthy hair with our enriching formula.",Intangible
Rejuvenate your hair from root to tip.,Intangible
"Revitalize tired, lifeless hair with ease.",Intangible
Transform your hair care routine with our nourishing shampoo.,Intangible
Renew your hair's vitality from roots to tips.,Intangible
Transform your hair into a masterpiece of resilience.,Intangible
Embrace the comfort and luxury of our nourishing shampoo.,Intangible
"Make dry, damaged hair a thing of the past.",Intangible
"Repair, protect, and beautify your hair with one product.",Intangible
Step into a world of confidence with every wash.,Intangible
Revitalize your hair with a single wash.,Intangible
"Discover the secret to strong, shiny, and resilient hair.",Intangible
Rejuvenate your hair and reignite your confidence.,Intangible
Immerse your hair in a world of indulgence.,Intangible
Enhance your natural beauty with our nourishing shampoo.,Intangible
Elevate your hair game with just one wash.,Intangible
Witness the magic of a hair metamorphosis.,Intangible
Embrace your hair's natural texture and beauty.,Intangible
Achieve your hair goals with our nourishing and strengthening shampoo.,Intangible
Infuse your hair with a burst of hydration.,Intangible
Embrace your hair's unique texture and beauty.,Intangible
Embrace the power of premium ingredients for healthier hair.,Intangible
Elevate your hair care routine to a level of pure indulgence.,Intangible
Embrace the power of plant-based ingredients for healthier hair.,Intangible
Elevate your hair routine to a daily dose of luxury.,Intangible
Elevate your hair care routine with a touch of glamour.,Intangible
"Let your hair be the star with our enriching shampoo for healthy, vibrant results.",Intangible
Elevate your hair care routine with our premium shampoo.,Intangible
Elevate your hair game with shine and softness.,Intangible
Step into a world of hair care innovation.,Intangible
"Embrace the beauty of natural, healthy hair.",Intangible
"Experience the luxury of healthy, glossy hair.",Intangible
"Feel the difference of nourished, revitalized hair.",Intangible
Unveil hair that steals the spotlight.,Intangible
Experience the magic of our transformative shampoo.,Intangible
Radiate confidence with your silky smooth hair.,Intangible
Feel the difference with each wash.,Intangible
Pamper your hair with the care it deserves and watch it flourish.,Intangible
Immerse your hair in a world of radiance.,Intangible
Pamper your hair with love and care.,Intangible
Elevate your hair game with the ultimate in nourishing treatments.,Intangible
Illuminate your hair with brilliance and radiance.,Intangible
Unlock the secret to beautifully nourished hair.,Intangible
Transform your hair care routine with our game-changing formula.,Intangible
Embrace the luxury of hair that feels weightless and airy.,Intangible
"Embrace the power of premium ingredients for healthier, more beautiful hair.",Intangible
Awaken your hair's inner glow and vibrancy.,Intangible
Transform your hair care routine with our innovative formula for amazing results.,Intangible
Indulge in a luxurious wash that pampers your hair.,Intangible
Embrace the power of natural ingredients for radiant hair.,Intangible
Unveil the true potential of your hair's natural beauty.,Intangible
Experience the magic of beautifully refreshed hair.,Intangible
Show your hair some TLC with our nourishing shampoo.,Intangible
Transform your hair game with a touch of brilliance.,Intangible
Illuminate the world with the radiance of your hair.,Intangible
Illuminate your hair with brilliance and luster that glows with life.,Intangible
Treat your hair to a rejuvenating experience.,Intangible
"Relish in the glory of healthy, stunning hair.",Intangible
Fall in love with your hair all over again with our enriching formula for beautiful results.,Intangible
"Make dry, damaged hair a thing of the past with our enriching formula.",Intangible
Turn heads with hair that's full of life and vitality.,Intangible
Experience the freedom of perfectly manageable hair.,Intangible
Transform your hair care routine into a spa-like experience with our enriching formula.,Intangible
Channel the allure of hair that is a delight to the senses.,Intangible
Awaken your hair's natural beauty and radiance with a touch of salon-worthy luxury.,Intangible
Experience the magic of a hair transformation at your fingertips.,Intangible
Embark on a journey to hair that is as sleek as it is soft.,Intangible
Channel the radiance of hair that glows with life.,Intangible
"Discover the secret to luscious, manageable hair.",Intangible
"Embrace the power of healthy, beautiful hair.",Intangible
Indulge in the magic of salon-worthy hair at home.,Intangible
Discover the true potential of your hair's beauty and vitality.,Intangible
Give your hair the royal treatment it deserves.,Intangible
"Embrace the power of healthy, beautiful locks.",Intangible
Embrace the power of natural ingredients for healthier hair.,Intangible
Unleash the radiance of your locks.,Intangible
Say goodbye to dull and lifeless hair.,Intangible
"Rediscover healthy, vibrant hair.",Intangible
Experience the difference of salon-quality hair care at home with our enriching formula.,Intangible
Indulge in the sensation of touchably soft hair.,Intangible
Say goodbye to lifeless locks and hello to vitality.,Intangible
Protect your hair from damage and revitalize its natural beauty.,Intangible
Transform dull hair into vibrant tresses.,Intangible
"Experience the difference of nourished, pampered hair.",Intangible
"Say goodbye to dull, lifeless hair and hello to vibrant locks.",Intangible
Say hello to hair that shines with health and vitality.,Intangible
Bring life back to your tired and lifeless hair.,Intangible
Infuse your hair with the power of nature.,Intangible
Let your hair be the star with our enriching shampoo.,Intangible
"Say goodbye to frizz, hello to fabulous hair.",Intangible
Achieve hair that radiates confidence.,Intangible
Transform your hair care routine with our enriching formula for amazing results.,Intangible
Experience the transformation in your hair's health and beauty.,Intangible
Boost your hair's natural shine and radiance.,Intangible
Elevate your hair care routine to extraordinary heights.,Intangible
"Say hello to stronger, healthier hair.",Intangible
Enhance your hair's natural shine and radiance with ease.,Intangible
Say goodbye to hair care woes with confidence.,Intangible
Make heads turn with your stunning hair.,Intangible
"Say goodbye to dry, damaged hair and hello to revitalized perfection.",Intangible
"Embrace the power of healthy, vibrant hair effortlessly.",Intangible
Say hello to the best hair days of your life.,Intangible
Revitalize your hair and infuse it with a radiant glow.,Intangible
"Unlock the door to healthy, shiny hair that dazzles.",Intangible
Revive your hair's natural radiance with every wash.,Intangible
Transform your tresses into a work of art.,Intangible
Rejuvenate your hair and soul with our revitalizing formula.,Intangible
"Embrace the luxury of healthy, vibrant hair.",Intangible
Imbue your hair with radiance and vitality.,Intangible
Transform your locks into a mane of wonder.,Intangible
Elevate your hair care routine to the next level.,Intangible
Indulge in the luxury of hair that is pure silky perfection.,Intangible
Replenish your hair with essential nutrients and hydration.,Intangible
Fall in love with your hair all over again with our revitalizing formula.,Intangible
Radiate confidence through your brilliantly beautiful hair.,Intangible
Step into a realm of hair that is nothing short of perfection.,Intangible
Unleash the power of salon-quality results at home.,Intangible
"Revitalize, rejuvenate, and restore your hair with our nourishing formula.",Intangible
Transform your hair care routine with our innovative formula.,Intangible
Transform ordinary hair into extraordinary locks.,Intangible
Transform your hair into a masterpiece of vibrancy.,Intangible
Elevate your hair care game with our advanced formula.,Intangible
Reveal the true potential of your hair.,Intangible
Feel the difference with a high-performance shampoo.,Intangible
Transform your hair care routine into a luxurious experience.,Intangible
Elevate your hair routine to a self-care ritual.,Intangible
Radiate confidence with hair that's full of body and bounce with our revitalizing shampoo.,Intangible
"Welcome softer, more touchable hair into your life with our enriching formula.",Intangible
"Witness the magic of silky, smooth hair.",Intangible
Unleash the power of luxurious hair.,Intangible
Reveal the true splendor of your hair's texture.,Intangible
"Revitalize your hair, revitalize your outlook on life.",Intangible
Nourish and nurture your hair from roots to tips with our enriching formula.,Intangible
Elevate your confidence with our transformative shampoo.,Intangible
"Say goodbye to dull, lifeless locks and hello to radiant hair with our enriching shampoo.",Intangible
"Welcome softer, more touchable hair into your life.",Intangible
Unlock the secret to luscious locks.,Intangible
Immerse yourself in the essence of salon-worthy hair.,Intangible
Make your hair the envy of all with our revitalizing shampoo.,Intangible
Unlock the key to effortlessly stunning hair.,Intangible
"Imbue your hair with strength, shine, and resilience that makes it stand out in a crowd.",Intangible
Reveal the full potential of your hair with every wash.,Intangible
Experience a salon-quality finish at home.,Intangible
Discover the secret to hair that shines with vitality.,Intangible
"Say yes to healthier, more manageable hair with our enriching shampoo.",Intangible
Give your hair the ultimate spa treatment at home.,Intangible
Unleash the natural beauty of your hair.,Intangible
Pamper your hair with the care it craves and deserves.,Intangible
Reveal the secrets to your hair's newfound vitality.,Intangible
Achieve manageable and tangle-free hair.,Intangible
"Say goodbye to dull, lifeless locks and hello to radiant hair.",Intangible
Elevate your hair care routine to the next level of brilliance.,Intangible
Achieve hair perfection effortlessly.,Intangible
Indulge in the luxury of salon-worthy hair care at home.,Intangible
Invigorate your senses with a delightful fragrance.,Intangible
Show your hair some love and watch it flourish.,Intangible
Discover the joy of hair that looks and feels amazing.,Intangible
"Embrace the power of nourished, luscious hair.",Intangible
"Embrace the freedom of flawless, frizz-free hair.",Intangible
"Embrace the confidence that comes with healthy, radiant hair.",Intangible
Relish in the luxury of hair that exudes health and radiance.,Intangible
Immerse yourself in a realm of exquisite hair care.,Intangible
Unlock the door to hair that radiates confidence.,Intangible
Indulge in the wonder of your hair's natural shine.,Intangible
"Embrace the confidence that comes with strong, vibrant hair.",Intangible
Experience the magic of nourished and moisturized hair.,Intangible
Say hello to hair that looks and feels amazing.,Intangible
Say yes to hair that looks and feels fabulous.,Intangible
Discover the path to hair that shines bright.,Intangible
Radiate elegance and grace through your divine hair.,Intangible
Say hello to hair that feels as good as it looks with our nourishing shampoo.,Intangible
Experience effortless hair confidence with our shampoo.,Intangible
"Boost your confidence with healthier, shinier hair.",Intangible
Revitalize your hair for a fresh start.,Intangible
Embrace your hair's natural beauty and shine.,Intangible
Discover the joy of hair that shines with health and vitality.,Intangible
Elevate your hair care routine with top-notch results.,Intangible
Immerse yourself in a world of nourishment and care.,Intangible
Say yes to hair that's full of life and vitality.,Intangible
Transform your shower into a spa-like experience.,Intangible
Reveal the true essence of your hair's beauty.,Intangible
"Embrace healthier, shinier hair with our revitalizing formula.",Intangible
Unleash your hair's natural radiance.,Intangible
Step into a world of hair care luxury.,Intangible
Unlock the potential of your hair's beauty.,Intangible
"Embrace the power of plant-based ingredients for healthier, stronger hair.",Intangible
Treat your hair to a daily dose of nourishment.,Intangible
"Unlock the secret to glossy, manageable hair with our transformative formula.",Intangible
"Imbue your hair with strength, shine, and resilience.",Intangible
Embrace your hair in a cocoon of pampering perfection.,Intangible
Let your hair do the talking with our transformative shampoo.,Intangible
Turn ordinary hair into extraordinary locks effortlessly.,Intangible
Embrace the allure of hair that begs to be touched.,Intangible
Show off your gorgeous and manageable hair.,Intangible
Transport your hair to a world of luxurious and glossy perfection.,Intangible
Feel the difference of a salon-quality shampoo at home.,Intangible
Awaken your senses to the wonders of beautiful hair.,Intangible
Ignite your hair with a touch of brilliance.,Intangible
Unleash the power of self-expression through your hair.,Intangible
Transform your hair into a work of art with every use.,Intangible
See the transformation in your hair's health and beauty.,Intangible
Nourish your hair with a burst of hydrating goodness.,Intangible
Dive into a world of luxurious hair care.,Intangible
Immerse your hair in a world of indulgence with each wash.,Intangible
Immerse yourself in the world of hair that is nothing short of extraordinary.,Intangible
Elevate your hair care routine with a shampoo that delivers results.,Intangible
Embrace confidence with every wash.,Intangible
Indulge in the magic of our transformative formula.,Intangible
Unlock the secret to hair that defies gravity.,Intangible
Discover the key to hair that feels alive.,Intangible
Nourish your hair with the care it deserves.,Intangible
"Discover the secret to beautiful, bouncy hair with our enriching shampoo.",Intangible
Protect your hair from environmental stressors with ease.,Intangible
"Transport yourself to a world of vibrant, glossy hair.",Intangible
"Say goodbye to dull, lifeless hair and hello to radiance.",Intangible
Unlock the potential of your hair's true beauty.,Intangible
Reveal the secret to hair that commands attention.,Intangible
Make your hair care routine a luxurious experience.,Intangible
Indulge your hair with a pampering wash that revitalizes.,Intangible
Relish in the luxury of hair that is soft to the touch.,Intangible
Embrace hair that exudes confidence.,Intangible
Immerse yourself in a world of revitalizing care and rejuvenation.,Intangible
Embrace the power of a deeply conditioning shampoo.,Intangible
Unveil the secrets to hair that is irresistibly touchable.,Intangible
Awaken your senses with the scent of beautiful hair.,Intangible
Reveal the true potential of your hair's beauty.,Intangible
"Indulge in luxurious, salon-worthy hair at home.",Intangible
Awaken your senses with the beauty and scent of our shampoo.,Intangible
"Experience the joy of silky, smooth hair.",Intangible
"Indulge in the pleasure of perfect hair days, every day.",Intangible
Elevate your hair game with a shampoo that works wonders.,Intangible
Say hello to hair that defies expectations.,Intangible
Rejuvenate your hair with our nourishing formula.,Intangible
Embrace the power of your hair's natural beauty.,Intangible
Enhance your hair's natural shine.,Intangible
Transform your hair into a crown of glory.,Intangible
Revive and rejuvenate your hair with our revitalizing shampoo.,Intangible
"Embrace the journey to healthier, happier hair.",Intangible
"Say goodbye to dull, lifeless locks.",Intangible
"Embrace the power of healthy, stunning hair.",Intangible
Let your hair steal the spotlight.,Intangible
Unlock the secret to perfect hair days.,Intangible
"Unleash the power of healthier, stronger hair.",Intangible
"Transform your hair with our rejuvenating shampoo for a fresh, vibrant look.",Intangible
Reveal the secret to hair that captures attention and admiration.,Intangible
"Say goodbye to dull, lifeless locks and hello to radiant hair with our revitalizing shampoo.",Intangible
Achieve hair goals you never thought possible.,Intangible
Restore your hair's resilience and strength.,Intangible
Say yes to hair that's full of life and vitality with our revitalizing shampoo.,Intangible
Say goodbye to split ends and hello to silky-smooth hair.,Intangible
Experience the joy of touchably soft hair.,Intangible
Celebrate the beauty of hair that feels as good as it looks.,Intangible
Elevate your hair care game with the ultimate solution.,Intangible
"Nourish your hair, nourish your soul.",Intangible
Wear your hair with confidence and pride.,Intangible
Awaken your hair's natural shine.,Intangible
Elevate your hair game with the ultimate solution for gorgeous locks.,Intangible
Enrich your hair with essential nutrients.,Intangible
Achieve hair goals you never thought possible with ease.,Intangible
"Unlock the secret to soft, touchable hair with ease.",Intangible
Transform your hair into a radiant mane of beauty.,Intangible
Transform your hair into a masterpiece of smoothness.,Intangible
Embrace a new level of shine and softness.,Intangible
Step into a world of luxury hair care with our premium shampoo.,Intangible
Unlock the secret to luxuriously silky hair.,Intangible
Treat your hair to a daily dose of nourishing goodness.,Intangible
Elevate your hair care routine effortlessly.,Intangible
Elevate your hair care ritual to an art form.,Intangible
Embrace a luxurious hair care routine.,Intangible
Elevate your hair care routine to a new level of luxurious nourishment.,Intangible
"Unlock the secret to glossy, manageable hair.",Intangible
Envelop your hair in a cocoon of nourishment and care.,Intangible
Experience vibrant and beautiful tresses.,Intangible
"Discover the key to healthier, stronger hair.",Intangible
Renew your hair with a burst of freshness.,Intangible
Restore your hair to its natural brilliance.,Intangible
Transform your hair into a canvas of creativity.,Intangible
"Step into a realm of bouncy, vibrant hair.",Intangible
Pamper your mane with our enriching formula.,Intangible
Let your hair shine brighter than ever before.,Intangible
Awaken your hair's natural beauty and radiance.,Intangible
Elevate your hair care routine to new heights.,Intangible
Rekindle your love affair with your hair's health and beauty.,Intangible
"Say goodbye to lackluster strands and hello to vibrant, healthy hair.",Intangible
Elevate your hair care routine to luxury status.,Intangible
Experience the difference of salon-quality hair at home.,Intangible
"Experience the magic of healthier, shinier hair with our advanced formula.",Intangible
Reveal your hair's natural beauty with every wash.,Intangible
Let your hair speak for itself.,Intangible
Transform your hair into a head-turning masterpiece.,Intangible
Turn heads with hair that exudes radiance.,Intangible
Unlock the door to healthy hair that shines.,Intangible
Indulge in the luxury of salon-worthy hair care at home with our revitalizing shampoo.,Intangible
Elevate your hair care routine with the pinnacle of salon-quality sophistication.,Intangible
Embrace hair that shines bright like a diamond.,Intangible
"Unlock the door to healthy, radiant hair.",Intangible
Transform your hair care routine into a spa-like experience.,Intangible
"Transport your hair to a world of vibrant, glossy perfection.",Intangible
Transform your mane into a mane of wonder.,Intangible
Discover the secret to hair that turns heads.,Intangible
Empower your hair with a touch of luxury.,Intangible
"Unlock the secret to beautiful, healthy hair with our shampoo.",Intangible
Make everyday a good hair day with our shampoo.,Intangible
Rekindle the love affair with your hair with every wash.,Intangible
Step into a world of hair that feels like pure silk.,Intangible
Radiate beauty with every swish of your hair.,Intangible
Infuse your hair with a touch of glamour.,Intangible
Pamper your hair with the love it deserves.,Intangible
Indulge in the luxury of hair that feels like a fantasy.,Intangible
Give your hair the nourishment it needs to thrive.,Intangible
Discover the secret to hair that is irresistibly soft.,Intangible
Nourish and nurture your hair with our enriching formula.,Intangible
Celebrate the beauty of hair that feels like a dream.,Intangible
Say goodbye to hair woes and hello to a mane of perfection.,Intangible
"Discover the key to irresistibly soft, glossy hair.",Intangible
Elevate your hair care game like never before.,Intangible
Experience a sensory delight with each wash.,Intangible
"Experience the pleasure of beautiful, manageable hair.",Intangible
Say hello to hair that shines with health and vitality with our revitalizing formula.,Intangible
Embrace the magic of hair that feels like a dream come true.,Intangible
Make every day a good hair day.,Intangible
Let your hair do the talking.,Intangible
Immerse yourself in a wave of rejuvenation for your hair.,Intangible
Feel the difference with a shampoo that truly cares for your hair.,Intangible
"Discover the ultimate secret to gorgeous, healthy hair.",Intangible
Elevate your hair care routine to a whole new level.,Intangible
Discover the beauty of hair that exudes health and vibrancy.,Intangible
Rejuvenate your hair with every use.,Intangible
Embrace the ultimate in hair care luxury.,Intangible
Unlock the key to hair that shines from within with our enriching shampoo.,Intangible
Feel rejuvenated with each wash.,Intangible
Let your hair be the crown you never take off.,Intangible
Give your hair the care and attention it deserves.,Intangible
Transform your hair care routine from mundane to magnificent.,Intangible
Indulge in the pleasure of perfect hair days.,Intangible
Transform your hair into a stunning showcase of brilliance.,Intangible
Give your hair the care it deserves with our shampoo.,Intangible
Step into a realm of hair that is irresistibly touchable.,Intangible
Embrace hair that tells your unique story.,Intangible
Revitalize your hair and infuse it with radiance.,Intangible
Let your hair mirror your inner glow.,Intangible
Discover the true potential of your hair's beauty and vitality with every wash.,Intangible
Immerse your hair in a world of radiant beauty.,Intangible
"Embrace the confidence that comes with strong, vibrant hair with our nourishing shampoo.",Intangible
"Say hello to healthier, more luscious hair.",Intangible
Say goodbye to dull hair days forever.,Intangible
Experience the joy of silky-smooth hair every day.,Intangible
Experience the ultimate hair transformation with our shampoo.,Intangible
Embrace sleek and smooth strands.,Intangible
Experience the ultimate in hair care indulgence with our revitalizing shampoo.,Intangible
Radiate confidence with hair that's full of body and bounce.,Intangible
Elevate your hair game with transformative results.,Intangible
Say yes to hair that defies expectations with grace.,Intangible
Radiate confidence with healthier and happier hair.,Intangible
Infuse your hair with the nourishment it craves.,Intangible
Rejuvenate your hair from root to tip with a touch of pure rejuvenation.,Intangible
Enjoy a refreshing and invigorating wash.,Intangible
Elevate your hair care routine to new heights of excellence.,Intangible
Unleash the goddess within through your hair.,Intangible
Transform your hair care routine with our revolutionary shampoo.,Intangible
Discover the true potential of your hair's beauty.,Intangible
Elevate your hair to its full potential.,Intangible
Show off your hair's natural beauty with confidence.,Intangible
Say yes to hair that speaks volumes.,Intangible
Awaken your senses with the scent of our shampoo.,Intangible
Elevate your hair routine to a daily luxury.,Intangible
Revitalize your hair care routine with a shampoo that delivers results.,Intangible
Step up your hair routine with a magical touch.,Intangible
"Step into a world of shiny, bouncy hair.",Intangible
Elevate your hair game with our revitalizing shampoo.,Intangible
Immerse yourself in the luxury of salon-quality hair care.,Intangible
Achieve hair perfection with just a wash.,Intangible
Treat your hair to a daily dose of beauty.,Intangible
Transform your hair into a mesmerizing spectacle.,Intangible
Experience the difference of salon-quality hair care at home.,Intangible
Unleash the potential of your hair with our revitalizing formula.,Intangible
Let your hair speak volumes with a touch of brilliance.,Intangible
"Say goodbye to split ends and hello to smooth, silky hair with our transforming shampoo.",Intangible
Wear your crown of hair with pride.,Intangible
Say yes to hair that embodies elegance.,Intangible
Elevate your hair game with a touch of luxury.,Intangible
Step into a world of hair care luxury that's beyond compare.,Intangible
Immerse yourself in a world of nourishing care and rejuvenation.,Intangible
Say yes to hair that's full of life and vitality with our nourishing shampoo.,Intangible
"Revitalize, restore, and renew your hair with our shampoo.",Intangible
"Discover the joy of healthier, more beautiful hair with our enriching shampoo.",Intangible
Nourish your hair from root to tip.,Intangible
Immerse your hair in a sea of hydration.,Intangible
Embrace hair that commands attention.,Intangible
"Revitalize, restore, and renew your hair with our nourishing formula.",Intangible
Discover the key to silky smooth strands.,Intangible
Revitalize your hair with a wave of rejuvenation.,Intangible
Transform your hair from dull to dazzling.,Intangible
Say goodbye to frizz and hello to sleek hair.,Intangible
"Unlock the potential for fabulous hair with our gentle, nourishing formula.",Intangible
Say goodbye to frizz and hello to smoothness.,Intangible
Experience the magic of a hair transformation.,Intangible
Let your hair be the envy of all.,Intangible
Transform your hair into a statement of self-care.,Intangible
Say goodbye to dullness and hello to hair that shines.,Intangible
Immerse yourself in a wave of revitalizing care and rejuvenation for your hair.,Intangible
Indulge in a spa-like experience every wash.,Intangible
"Witness the power of healthy, vibrant hair.",Intangible
Turn heads with hair that shines like no other.,Intangible
Say hello to hair that radiates health.,Intangible
Fall in love with your hair all over again with our enriching formula.,Intangible
Unlock the potential for fabulous hair with our gentle formula.,Intangible
"Say goodbye to dull, lifeless hair forever.",Intangible
Experience the transformation in your hair's health and beauty with each indulgent wash.,Intangible
Awaken your senses with the perfect hair partner.,Intangible
Make everyday a good hair day with our revitalizing formula.,Intangible
Radiate positivity through your luscious locks.,Intangible
Transform your hair care routine with our game-changing shampoo.,Intangible
Experience salon-quality results at home.,Intangible
Let your hair shine as bright as your personality.,Intangible
Indulge in the luxury of gorgeous hair.,Intangible
Let your hair be the envy of all around you.,Intangible
Rejuvenate and revive your locks.,Intangible
Transform your hair with our advanced formula.,Intangible
Elevate your hair care routine to the next level of brilliance with transformative results.,Intangible
Elevate your hair care routine with a touch of elegance.,Intangible
"Discover the secret to beautiful, bouncy hair.",Intangible
Fall in love with your hair's renewed softness.,Intangible
"Unlock the door to healthy, radiant locks that radiate confidence.",Intangible
Empower your hair with the strength it deserves.,Intangible
"Revitalize your hair, revitalize your life.",Intangible
Elevate your hair care routine with transformative results.,Intangible
Radiate beauty and confidence through your stunning hair.,Intangible
Say hello to hair that showcases confidence and allure.,Intangible
Transform damaged hair into a mane of perfection.,Intangible
Transform your hair into a masterpiece of silkiness.,Intangible
Embrace the transformation of your hair's texture.,Intangible
Rejuvenate your hair from root to tip with every wash.,Intangible
"Embody the essence of strong, vibrant hair.",Intangible
Rekindle the love affair with your hair's health and beauty with every wash.,Intangible
Immerse yourself in a world of hair care excellence.,Intangible
Nourish your hair with the care and attention it deserves.,Intangible
Treat your hair to a daily dose of nourishing care.,Intangible
Empower your hair with the gift of softness.,Intangible
Immerse yourself in the joy of hair that shines with vitality.,Intangible
Transform your hair care routine into a true indulgence.,Intangible
Immerse yourself in a wave of revitalization and rejuvenation.,Intangible
Beautify your hair from root to tip with our luxurious formula.,Intangible
Unveil the hidden beauty of your hair.,Intangible
"Say hello to healthier, happier hair.",Intangible
Experience the magic of hair that is as smooth as it is sleek.,Intangible
Revel in the transformation of your hair's health and beauty.,Intangible
Pamper yourself with a luxurious wash that transforms your hair.,Intangible
Elevate your hair care game with our salon-quality formula.,Intangible
Get the soft and silky hair you've always wanted.,Intangible
Transform your hair into a stunning masterpiece.,Intangible
"Nourish and nurture your hair with our enriching formula for healthier, more beautiful hair.",Intangible
Say hello to hair that exudes confidence and beauty.,Intangible
Say goodbye to dry and brittle hair.,Intangible
Unleash the potential of your hair's true beauty.,Intangible
Revitalize your locks with every wash.,Intangible
Escape to a world of hair that feels truly rejuvenated.,Intangible
"Transport your hair to a world of vibrant, radiant luxury.",Intangible
Immerse yourself in the world of hair that radiates health.,Intangible
Transform your hair into a work of art.,Intangible
Feel the difference of nourished and hydrated hair.,Intangible
Create stunning and eye-catching hairstyles.,Intangible
Revive and restore your hair's natural vitality.,Intangible
Infuse your hair with the power of pure indulgence.,Intangible
Experience the magic of transformative hair care.,Intangible
"Infuse your hair with the nourishment it craves for a healthy, revitalized look.",Intangible
Elevate your hair care routine with professional results.,Intangible
Let your hair be the canvas for your creativity.,Intangible
Discover the key to perfect hair days.,Intangible
Step into a world where every day is a good hair day.,Intangible
Nourish your hair with the goodness it craves.,Intangible
Revitalize your hair with a pampering touch that nourishes and revitalizes.,Intangible
"Revitalize, rejuvenate, and restore your hair with our enriching formula.",Intangible
"Embrace the confidence that comes with healthy, vibrant hair with our enriching shampoo.",Intangible
Unleash the beauty of your hair's natural resilience.,Intangible
Unlock the secret to irresistibly luscious locks.,Intangible
Transform your hair with our rejuvenating shampoo.,Intangible
Feel the difference in your hair's softness and manageability.,Tangible
Experience the ultimate hydration therapy for your hair.,Tangible
Restore balance to oily or dry hair.,Tangible
Say goodbye to itchiness and irritation with our soothing shampoo.,Tangible
Hydrate and nourish with every wash.,Tangible
Restore vibrancy and brightness to colored hair.,Tangible
Add volume and body to limp and lifeless hair.,Tangible
Experience the power of natural botanicals in our shampoo.,Tangible
Nourish and revitalize your scalp for optimal hair health.,Tangible
Experience the ultimate in hair care luxury with our premium shampoo.,Tangible
"Achieve shiny, healthy hair with our hydrating shampoo.",Tangible
Reduces frizz and tames unruly hair,Tangible
Lightweight formula for everyday use,Tangible
"Restores bounce and movement to limp, lifeless hair",Tangible
Promote healthy hair growth with regular use.,Tangible
Revitalize and rejuvenate your hair with each wash.,Tangible
Restore elasticity to brittle and weak hair.,Tangible
Purify and cleanse your hair from root to tip.,Tangible
Say goodbye to hair breakage and split ends.,Tangible
"Reveal smoother, softer, and more manageable hair.",Tangible
Improve manageability for easy styling.,Tangible
"Say hello to stronger, healthier hair with our fortifying formula.",Tangible
Create stunning hairstyles with strong and healthy hair.,Tangible
Locks in moisture for all-day hydration,Tangible
Repair and restore your hair's natural shine.,Tangible
Eliminate frizz for sleek and smooth hair.,Tangible
Repairs damaged hair,Tangible
Achieve a luxurious salon experience at home.,Tangible
Restores hair's natural pH balance,Tangible
Adds natural looking volume,Tangible
Achieve a salon-fresh look every day with our shampoo.,Tangible
Detox your hair from impurities and toxins.,Tangible
Blocks humidity for frizz-free hair all day,Tangible
"Achieve a sleek, shiny finish with our smoothing formula.",Tangible
Protect your hair from environmental stressors.,Tangible
Transform your hair care routine with our transformative formula.,Tangible
Helps promote faster hair growth,Tangible
Experience the power of botanical ingredients in every wash.,Tangible
Fortify your hair from root to tip.,Tangible
Lock in moisture for long-lasting hydration.,Tangible
Say goodbye to oily roots and greasy hair.,Tangible
Infused with natural botanical extracts for added benefits,Tangible
Transform your haircare routine with our revolutionary formula.,Tangible
Shields hair from pollutants and UV rays,Tangible
Boost your hair's health with essential nutrients.,Tangible
Restores shine to dull hair,Tangible
Combat dandruff and dry scalp.,Tangible
Lock in moisture for a hydrated and healthy scalp.,Tangible
Fortify hair against daily wear and tear.,Tangible
Lock in moisture for hydrated and nourished hair.,Tangible
Say hello to strong and radiant hair.,Tangible
Leaves hair feeling soft and manageable,Tangible
Enhance your hair's natural color and beauty.,Tangible
Strengthen and fortify your hair against breakage.,Tangible
Restore your hair's natural bounce and movement.,Tangible
Enhances hair color vibrancy and brightness,Tangible
Detoxify your hair for a clean and refreshed feeling.,Tangible
Soothe itchy and irritated scalp with our calming shampoo.,Tangible
Promotes hair growth,Tangible
Strengthen and fortify hair against damage.,Tangible
Detoxify your scalp for a healthier foundation.,Tangible
Improves manageability,Tangible
Maintain your hair's health and vitality.,Tangible
Promote healthy hair growth with our nourishing formula.,Tangible
Enhance natural hair texture and shine.,Tangible
Achieve your hair goals effortlessly.,Tangible
Say goodbye to dry and damaged hair.,Tangible
Protect your hair from damage and breakage.,Tangible
Creates luxurious hair texture,Tangible
"Get the shiny, healthy hair you've always wanted.",Tangible
Fall in love with your hair all over again.,Tangible
Softens and smoothes hair,Tangible
Strengthens and fortifies hair against breakage,Tangible
Strengthen hair follicles for less breakage.,Tangible
Experience luxurious lather and deep cleansing.,Tangible
Rejuvenate your hair from root to tip.,Tangible
Protects against heat damage,Tangible
Rejuvenates tired hair,Tangible
Cleanses gently and effectively,Tangible
Shine bright with lustrous and radiant hair.,Tangible
Tames unruly hair with ease,Tangible
Restores natural bounce and movement,Tangible
Controls excess oil production for balanced hair,Tangible
Elevate your haircare routine with our premium ingredients.,Tangible
Embrace a new level of hydration for your hair.,Tangible
"Say goodbye to dry, unruly hair with our smoothing shampoo.",Tangible
Enhance your hair's manageability and shine.,Tangible
Strengthen your hair from the inside out.,Tangible
Nourishes and moisturizes to combat dryness,Tangible
Gentle formula suitable for all hair types,Tangible
Strengthen weak and fragile hair with our fortifying formula.,Tangible
Improves hair strength,Tangible
Transform damaged hair into healthy locks.,Tangible
Say goodbye to itchy scalp and dandruff.,Tangible
Pamper your hair with our nourishing formula.,Tangible
Nourish the scalp for optimal hair health.,Tangible
Revive and rejuvenate your hair with our shampoo.,Tangible
"Experience the luxury of healthy, vibrant hair.",Tangible
Restores hair's youthful appearance,Tangible
Strengthens hair against environmental stressors,Tangible
Embrace your natural texture with our shampoo.,Tangible
Improves hair elasticity for less breakage,Tangible
Achieve your dream hair with our transformative shampoo.,Tangible
Sulfate-free formula for gentle cleansing.,Tangible
Adds bounce to hair,Tangible
Help prevent hair loss and promote growth.,Tangible
Say hello to hair that feels lightweight and manageable.,Tangible
Protect your hair against UV damage.,Tangible
Eliminates dandruff,Tangible
Repair and restore your hair's natural vibrancy.,Tangible
"Revitalize and rejuvenate tired, lifeless hair.",Tangible
Gives hair a fresh and clean feeling,Tangible
Make your hair more manageable every day.,Tangible
Achieve a fresh and uplifting aroma with each wash.,Tangible
"Stronger, healthier hair in just one wash",Tangible
Protect your hair from daily damage and styling.,Tangible
Embrace your best hair ever with our shampoo.,Tangible
Keep your color vibrant with our color-safe formula.,Tangible
Achieve smoother and more manageable hair.,Tangible
Revitalize your hair with our nourishing shampoo.,Tangible
Increases hair thickness for a fuller look,Tangible
Nourishes and hydrates hair for optimal health.,Tangible
Soothe irritated scalp with our calming formula.,Tangible
Strengthens hair against breakage,Tangible
Boost volume and thickness for a fuller look.,Tangible
Experience the magic of our nourishing ingredients.,Tangible
"Restore softness, shine, and strength to your hair.",Tangible
Rejuvenates damaged hair with each wash,Tangible
"Embrace the beauty of healthy, radiant hair with our shampoo.",Tangible
Nourishes and hydrates hair from roots to ends,Tangible
Adds body and fullness,Tangible
Cleanses and purifies the scalp for a fresh start,Tangible
"Boost volume for thicker, fuller-looking hair.",Tangible
Maintain vibrant color without fading.,Tangible
Say hello to bouncy and voluminous hair.,Tangible
Protect your hair from damage caused by pollution.,Tangible
Ensure the longevity of your hair color with our gentle formula.,Tangible
Treat your hair to a spa-like experience at home.,Tangible
Protect your hair from environmental stressors with our shampoo.,Tangible
Say goodbye to flat and lifeless hair.,Tangible
Say goodbye to split ends with our repairing shampoo.,Tangible
Promote hair growth and thickness.,Tangible
Protect against UV damage for healthier hair.,Tangible
Protects hair color from fading and dullness,Tangible
Reduces hair static,Tangible
Adds shine and luster,Tangible
Supports natural hair growth,Tangible
Contains natural ingredients for gentle care,Tangible
Nourish and hydrate your hair from root to tip with our shampoo.,Tangible
Hydrates dry locks,Tangible
Detangles knots and snarls without weighing hair down,Tangible
Nourish and hydrate each strand for healthier hair.,Tangible
Defend your hair against external aggressors.,Tangible
Create lasting styles with our shampoo.,Tangible
Reduces frizz and flyaways for a sleek finish,Tangible
"Fortify hair follicles for stronger, more resilient hair.",Tangible
Removes product buildup,Tangible
Create beautiful hairstyles with strong and flexible hair.,Tangible
Enhances natural curl definition,Tangible
Protects hair from environmental stressors and damage,Tangible
"Say hello to soft, touchable hair with our moisturizing formula.",Tangible
Combat the effects of heat styling and hair treatments.,Tangible
Restores natural shine,Tangible
Reveal your hair's true potential with our formula.,Tangible
Banish dry and flaky scalp for good.,Tangible
Fortify your hair against breakage and split ends.,Tangible
Protects hair from pollution damage,Tangible
Enjoy a soothing and calming experience in the shower.,Tangible
Enjoy a calming scent that lingers all day.,Tangible
Say goodbye to dull and lifeless hair.,Tangible
Control oil production for a balanced scalp.,Tangible
Achieve long-lasting freshness and cleanliness with our shampoo.,Tangible
Wash away impurities and build-up effortlessly.,Tangible
Elevate your haircare routine with our premium shampoo.,Tangible
"Perfect for all hair types, including curly, straight, and wavy.",Tangible
Enhances hair color vibrancy,Tangible
Unleash your hair's natural shine potential.,Tangible
Protect your hair against environmental damage.,Tangible
Achieve a sleek and polished look with our shampoo.,Tangible
Protects hair from damage and breakage,Tangible
Cleanses and purifies the scalp for optimal hair health,Tangible
Amplify your hair's natural volume and body.,Tangible
Experience salon-perfect results in the comfort of your home.,Tangible
Deeply nourishes hair from roots to tips,Tangible
Protect against environmental stressors for healthier hair.,Tangible
Maintain your hair's natural shine and vitality.,Tangible
Experience the luxury of professional hair care at home.,Tangible
Improves hair manageability and styling flexibility,Tangible
Adds bounce and movement for livelier hair,Tangible
Control frizz and flyaways with our smoothing formula.,Tangible
Revitalize your hair with our unique formula.,Tangible
Softens and smooths rough hair texture,Tangible
Detangle and smooth your hair effortlessly.,Tangible
Transform your hair with our revitalizing formula.,Tangible
Create stunning looks with healthy and vibrant hair.,Tangible
Prevents split ends,Tangible
Achieve salon-worthy results with our professional-grade formula.,Tangible
"Achieve smooth, shiny strands with our frizz-fighting formula.",Tangible
Keep your hair feeling fresh and clean all day long.,Tangible
Say goodbye to scalp irritation and dandruff.,Tangible
Experience the power of nature in every wash.,Tangible
Restore your hair's natural bounce and vitality.,Tangible
Detangles hair easily,Tangible
Promotes a healthy scalp environment,Tangible
Protects hair from environmental damage,Tangible
Say goodbye to build-up and residue with our clarifying shampoo.,Tangible
"Say goodbye to dry, brittle hair with our nourishing formula.",Tangible
Keep your color-treated hair looking vibrant.,Tangible
Achieve salon-level results without the salon price tag.,Tangible
Protect against breakage and split ends.,Tangible
Transform your hair care routine with our innovative formula.,Tangible
Protect color-treated hair from fading.,Tangible
Delivers essential nutrients to hair follicles,Tangible
Experience the power of plant-based ingredients.,Tangible
Enhance your natural hair color with our color-boosting formula.,Tangible
Restore moisture to dry and brittle hair.,Tangible
Protect your hair from daily environmental stressors.,Tangible
Lock in moisture and hydration with our shampoo.,Tangible
Transform your hair into a work of art with our shampoo.,Tangible
Strengthen hair from the inside out.,Tangible
Creates a lightweight finish,Tangible
Control oil and grease with our balancing formula.,Tangible
Experience the ultimate hair transformation.,Tangible
Restores hair elasticity,Tangible
Removes buildup and impurities effectively,Tangible
Achieve salon-worthy results at home.,Tangible
Adds volume and thickness to thin hair,Tangible
Evens out hair texture,Tangible
Combat the effects of pollution and environmental damage.,Tangible
Enjoy effortless hair care with our easy-to-use shampoo.,Tangible
Embrace natural beauty with our nourishing ingredients.,Tangible
Protects hair from styling heat,Tangible
Say hello to stronger and more resilient hair.,Tangible
Fight off environmental stressors and pollutants.,Tangible
Provides long-lasting hydration and moisture,Tangible
Repair and restore damaged hair.,Tangible
Helps you achieve your desired hair goals,Tangible
Improves hair manageability over time,Tangible
Achieve a clean and refreshed scalp.,Tangible
Revive tired and stressed hair.,Tangible
Experience a spa-like treatment with every wash.,Tangible
Fall in love with your hair again and again.,Tangible
Promotes healthy hair growth and thickness,Tangible
Protect your hair from UV damage with our shampoo.,Tangible
Cleanse and clarify your scalp with our detoxifying shampoo.,Tangible
Nourish your scalp for improved hair growth.,Tangible
Rinse away impurities and build-up for a fresh start.,Tangible
Protect your hair from heat styling damage with our shampoo.,Tangible
Flaunt beautiful hair that turns heads.,Tangible
Say goodbye to frizz with our shampoo,Tangible
Protect against styling damage for stronger hair.,Tangible
Nourishes hair with essential vitamins and minerals,Tangible
Say goodbye to weak and brittle hair.,Tangible
Say hello to healthy hair days every day.,Tangible
Renew and rejuvenate tired-looking hair.,Tangible
Adds lasting fragrance to hair,Tangible
Hydrates and nourishes to combat dryness,Tangible
Nourishes and moisturizes for silky smooth hair,Tangible
Protects hair from heat styling damage,Tangible
Adds softness without compromising volume,Tangible
Protect hair against heat styling damage.,Tangible
Fights hair loss,Tangible
Get the volume and body you've always wanted.,Tangible
Protect your hair color and vibrancy with our color-protecting formula.,Tangible
Nourishes scalp,Tangible
Lock in moisture for all-day hydration and shine.,Tangible
Refreshes and revitalizes hair,Tangible
Say goodbye to itchiness and dandruff with our soothing formula.,Tangible
Banish frizz and flyaways for a sleek look.,Tangible
Nourish and moisturize every strand with our shampoo.,Tangible
Protects hair color,Tangible
Enhance your hair's natural shine and brilliance with our shampoo.,Tangible
Restore balance and hydration to your hair.,Tangible
Creates a silky smooth finish,Tangible
Adds a boost of hydration to dry hair,Tangible
Rejuvenate tired and lifeless hair.,Tangible
Soothes irritated scalp with calming ingredients,Tangible
Strengthen and fortify your locks with every wash.,Tangible
Say goodbye to flyaways and frizz.,Tangible
Experience long-lasting hydration for your hair.,Tangible
Transform your hair with our revitalizing shampoo.,Tangible
Prevent breakage and hair fall.,Tangible
Enhance your hair's natural texture and beauty.,Tangible
"Say goodbye to dull, lackluster hair.",Tangible
Helps retain hair moisture,Tangible
Maintain your hair color's vibrancy and longevity.,Tangible
Achieve a glossy and radiant finish.,Tangible
Controls frizz,Tangible
Restore your hair's natural shine and vitality.,Tangible
Achieve a healthy scalp and gorgeous hair with our shampoo.,Tangible
Strengthen and protect your locks with our shampoo.,Tangible
Provides all-day protection,Tangible
Speed up your hair care routine with our efficient formula.,Tangible
Amplify hair volume and thickness.,Tangible
Enhances hair color longevity,Tangible
Say goodbye to dull hair with our revitalizing formula.,Tangible
Tames frizz and flyaways for a sleek finish,Tangible
Fights off pollutants that can dull hair,Tangible
Enhances hair's natural shine and luster,Tangible
Lock in essential nutrients for strong and resilient hair.,Tangible
Strengthens hair from root to tip,Tangible
Say hello to a clean and refreshed scalp.,Tangible
Enjoy a spa-like experience with our luxurious shampoo.,Tangible
Protect your hair from environmental damage with our shampoo.,Tangible
Boost volume and thickness with our volumizing shampoo.,Tangible
Revitalize and refresh your hair with our invigorating formula.,Tangible
Improve hair texture for a silky soft feel.,Tangible
Maintain a healthy scalp for optimal hair growth.,Tangible
Achieve a professional look without the salon visit.,Tangible
"Say hello to manageable, tangle-free hair.",Tangible
Experience the transformation of your hair with our powerful formula.,Tangible
Deeply cleanse without stripping natural oils.,Tangible
Strengthens hair structure for more resilience,Tangible
Strengthen your hair against damage.,Tangible
Protects hair from chlorine damage,Tangible
Provides a refreshing and revitalizing experience,Tangible
Revitalizes tired and lifeless hair,Tangible
Protect your colored hair with our gentle formula.,Tangible
"Rejuvenates and revitalizes tired, damaged hair",Tangible
Strengthen weak and brittle hair.,Tangible
Blocks humidity,Tangible
Achieves salon-like hair at home,Tangible
"Say hello to soft, touchable hair.",Tangible
Increases hair density,Tangible
Nourish your scalp for healthier hair growth.,Tangible
Promote shine and luster for a radiant hair finish.,Tangible
Say goodbye to dull and unmanageable hair.,Tangible
Transform your hair with our innovative formula.,Tangible
Say goodbye to frizz with our nourishing formula.,Tangible
Provides UV protection,Tangible
Adds a touch of luxury to hair care routine,Tangible
"Get the healthy, strong hair you've always wanted.",Tangible
Tame unruly hair for a sleek and polished look.,Tangible
"Repair and strengthen weak, damaged hair.",Tangible
Enhance your hair's natural beauty.,Tangible
Shield your hair from UV damage.,Tangible
Enhances natural shine,Tangible
Adds vibrancy to colored hair,Tangible
Banish dullness and reveal vibrant hair color.,Tangible
Strengthens hair strands,Tangible
Unleash your hair's full potential with our revitalizing shampoo.,Tangible
Increases hair elasticity,Tangible
Adds volume and thickness for a fuller look,Tangible
Banish dryness and restore moisture balance.,Tangible
"Restores softness and smoothness to rough, dry hair",Tangible
Revive and rejuvenate your hair from root to tip.,Tangible
Enhances hair elasticity and resilience,Tangible
Experience the ultimate in hair care luxury.,Tangible
Repair and strengthen damaged hair with ease.,Tangible
Reduces hair fall and promotes hair retention,Tangible
Manage your hair's oil production for a balanced scalp.,Tangible
Enhance your natural shine.,Tangible
Enhance the natural shine and gloss of your hair.,Tangible
Gives hair a fresh and invigorating scent,Tangible
Lock in moisture and hydration for all-day softness.,Tangible
Get fresh and clean hair that lasts.,Tangible
Enhance your hair's texture and body with our shampoo.,Tangible
Creates a healthy foundation for hair growth,Tangible
Enhances hair texture for a smoother appearance,Tangible
Effortlessly detangles knots and snarls,Tangible
Provide deep hydration for thirsty hair.,Tangible
"Experience the luxury of healthy, luscious hair.",Tangible
Embrace your natural hair texture with confidence.,Tangible
Enhance your hair's elasticity and strength with our shampoo.,Tangible
Enhance your hair's manageability for easy styling.,Tangible
"Softens and smoothes rough, dry hair",Tangible
Say goodbye to split ends for good.,Tangible
Enhances hair flexibility,Tangible
Restore your hair's natural elasticity.,Tangible
Hydrate and moisturize for soft and supple hair.,Tangible
Fights off free radicals that can damage hair,Tangible
Enhance hair strength and resilience with every use.,Tangible
Protects against environmental damage,Tangible
Boost your hair's resilience against heat styling.,Tangible
Experience a luxurious lather that cleanses deeply.,Tangible
Get rid of product buildup for a fresh start.,Tangible
Soothe and calm irritated scalp for instant relief.,Tangible
Instantly detangle knots for smooth combing.,Tangible
Delivers essential nutrients for healthy hair growth,Tangible
Strengthen and fortify your hair from root to tip.,Tangible
Achieve your hair goals with our targeted formula.,Tangible
Create the perfect foundation for styling your hair.,Tangible
Transform your hair care routine with our shampoo.,Tangible
Combat the effects of aging on your hair.,Tangible
Creates a protective barrier on hair strands,Tangible
Protects color-treated hair from fading,Tangible
Delivers long-lasting hydration to combat dryness,Tangible
Repair damaged hair from root to tip.,Tangible
Experience the power of natural ingredients in every wash.,Tangible
Feel confident and beautiful in your skin with healthy hair.,Tangible
Enhances hair's natural luster and shine,Tangible
Prevents scalp dryness and itchiness,Tangible
Eliminates scalp dryness,Tangible
Promotes healthy scalp environment,Tangible
"Reveal vibrant, healthy hair with our rejuvenating formula.",Tangible
Enjoy a luxurious pampering experience.,Tangible
"Say goodbye to frizz and hello to gorgeous, manageable hair.",Tangible
Say hello to healthy hair days with our shampoo.,Tangible
Deeply cleanses without stripping natural oils,Tangible
Maintain your hair's pH balance for optimal health.,Tangible
Add shine and vitality to dull hair.,Tangible
"Say goodbye to flat, lifeless hair with our root-lifting shampoo.",Tangible
Protect color-treated hair from fading and damage.,Tangible
Repair damaged hair with our nutrient-rich formula.,Tangible
"Achieve a balanced, healthy scalp with our clarifying shampoo.",Tangible
Amplify your hair's natural beauty with our shampoo.,Tangible
Say hello to a renewed sense of confidence with beautiful hair.,Tangible
Revive tired and lackluster hair with our formula.,Tangible
Provides long-lasting shine,Tangible
Nourishes dry and brittle hair,Tangible
Enhances natural curls,Tangible
Maintain your hair's health and strength with regular use.,Tangible
Adds shine and radiance for a vibrant look,Tangible
Enhance your natural shine with our unique formula,Tangible
Leaves hair looking healthier with each wash,Tangible
Nourishes hair for improved health and vitality,Tangible
Adds long-lasting fragrance to hair,Tangible
Pamper your hair with our luxurious and effective shampoo.,Tangible
Repair and protect your hair from daily damage.,Tangible
Feel the difference from the first use.,Tangible
Kiss dull and lifeless hair goodbye.,Tangible
Enhance hair texture for a more luxurious feel.,Tangible
Replenish essential nutrients for hair health.,Tangible
Improves hair texture,Tangible
Gently cleanses without stripping essential oils,Tangible
"Thickens and volumizes fine, limp hair",Tangible
Detoxify and purify your scalp with our cleansing shampoo.,Tangible
Boost volume and thickness for fuller hair.,Tangible
Soothes itchy scalp,Tangible
Protects hair from heat styling and UV damage,Tangible
Beautify your hair with our nutrient-rich ingredients.,Tangible
"Achieve smooth, sleek locks with our smoothing formula.",Tangible
Adds volume without weighing hair down,Tangible
Banish frizz and flyaways with our smoothing formula.,Tangible
Repair and strengthen damaged hair with our reconstructing shampoo.,Tangible
Deeply condition and repair damaged hair.,Tangible
Combat dryness and dehydration with our hydrating formula.,Tangible
Enhances hair thickness,Tangible
Lock in moisture for all-day hydration.,Tangible
Achieve a silky smooth finish with our shampoo.,Tangible
Boosts hair hydration,Tangible
Strengthens hair roots,Tangible
Fights scalp inflammation,Tangible
Repair and restore your hair's natural shine and elasticity.,Tangible
Boost your hair's natural shine and luster.,Tangible
Experience hair that feels soft and silky.,Tangible
"Smoothens and softens rough, dry hair",Tangible
Restores dry and damaged hair with each use,Tangible
Strengthen hair from within for long-lasting results.,Tangible
Keep your hair looking fresh and clean for longer.,Tangible
Provide essential nourishment for hair repair.,Tangible
Provide essential nutrients for hair repair.,Tangible
Provides all-day manageability and control,Tangible
Reinvigorate tired and lackluster hair.,Tangible
Helps repair and prevent split ends,Tangible
Enjoy the feeling of clean and revitalized hair.,Tangible
Maintain vibrant and long-lasting color.,Tangible
Experience a nourishing and rejuvenating cleanse.,Tangible
Delivers essential nutrients for optimal hair health,Tangible
Embrace the natural beauty of your hair.,Tangible
Maintain a perfect moisture balance for your hair.,Tangible
Feel confident in your hair's strength and resilience.,Tangible
Breathe life back into tired and damaged hair.,Tangible
Say hello to your best hair days yet.,Tangible
Provide deep hydration for soft and silky hair.,Tangible
Cleanses scalp thoroughly,Tangible
Restore moisture and vitality to your hair.,Tangible
Adds body to limp hair,Tangible
Locks in moisture for long-lasting hydration,Tangible
Banish tangles and knots for smoother hair.,Tangible
Say hello to soft and silky hair.,Tangible
Balances scalp moisture,Tangible
Enhance hair manageability for easy styling.,Tangible
Shields hair from UV rays,Tangible
Boost volume and body effortlessly with our volumizing formula.,Tangible
Protect your hair color from fading with our color-safe formula.,Tangible
Enhances hair softness,Tangible
Enhance the natural beauty of your hair.,Tangible
Boosts hair resilience,Tangible
Infuse your hair with essential nutrients and vitamins.,Tangible
Repairs split ends for a polished look,Tangible
Say goodbye to tangles and knots with our detangling shampoo.,Tangible
Create a strong and resilient hair structure.,Tangible
Get salon-quality results at home with our shampoo.,Tangible
"Smoothes and softens rough, dry hair",Tangible
Infused with natural ingredients for a luxurious experience.,Tangible
"Say hello to manageable, frizz-free hair with our smoothing shampoo.",Tangible
Get smooth and silky hair with every wash.,Tangible
Add a touch of luxury to your daily routine.,Tangible
Protect your hair against environmental aggressors.,Tangible
Restore balance to your scalp and hair with our shampoo.,Tangible
Say goodbye to hair thinning and promote thickness.,Tangible
Create a healthy environment for hair growth with our shampoo.,Tangible
Adds a natural shine without residue,Tangible
Revive and rejuvenate your hair with our refreshing formula.,Tangible
"Say hello to healthy, vibrant hair with our nourishing shampoo.",Tangible
Strengthen hair strands to prevent breakage.,Tangible
"Transform thin, limp hair with our volumizing formula.",Tangible
Achieve stronger and more beautiful hair with every wash.,Tangible
Adds radiance to hair,Tangible
Experience the power of botanicals in our shampoo.,Tangible
Feel confident in your hair's health and strength.,Tangible
Infuse your hair with natural botanical extracts.,Tangible
"Say goodbye to dull, lifeless hair with our revitalizing formula.",Tangible
Restores damaged hair,Tangible
"Enjoy the feeling of fresh, clean hair every day.",Tangible
Enhance your hair's natural texture and body with our shampoo.,Tangible
Transform your hair from dull to dazzling.,Tangible
Detangles knots and snarls effortlessly,Tangible
Protects hair from environmental stressors,Tangible
Protect your hair's natural oils with our gentle formula.,Tangible
Experience the difference of a salon-quality shampoo.,Tangible
Balances scalp moisture levels for optimal health,Tangible
"Say hello to hair that feels soft, smooth, and silky.",Tangible
Tames frizz and flyaways for a polished finish,Tangible
Boosts hair volume and thickness,Tangible
Detoxify and purify your hair and scalp.,Tangible
Bring life back to dull and lifeless hair.,Tangible
Enhance your hair's natural beauty with our shampoo.,Tangible
Experience a deep and luxurious cleanse.,Tangible
Feel the difference from the first wash.,Tangible
Seals split ends,Tangible
Infuse your hair with natural shine and radiance.,Tangible
Say goodbye to brittle and weak hair strands.,Tangible
Nourish and hydrate your hair for long-lasting results.,Tangible
"Say goodbye to rough, brittle hair with our softening formula.",Tangible
Repair split ends for a polished look.,Tangible
Protect hair from damage caused by the sun.,Tangible
"Transform dry, damaged hair into silky smooth strands.",Tangible
Tames unruly hair,Tangible
Enhances hair texture,Tangible
Transform your hair with our nourishing shampoo.,Tangible
Strengthen and fortify your hair with our shampoo.,Tangible
Banish dryness and dullness with our ultra-hydrating shampoo.,Tangible
Say goodbye to tangles and knots.,Tangible
Maintain healthy hair and scalp with our gentle formula.,Tangible
Adds natural movement to hair,Tangible
"Say hello to stronger, longer hair with our shampoo.",Tangible
"Achieve luscious, bouncy curls with our curl-enhancing formula.",Tangible
Improve your hair's overall texture and appearance.,Tangible
Protect your hair from daily wear and tear.,Tangible
Nourishes and repairs hair cuticles,Tangible
Prevent breakage and split ends with regular use.,Tangible
Enhance your hair's natural texture.,Tangible
Add bounce and movement to your hair.,Tangible
Bring back the bounce and vitality to your hair.,Tangible
Promotes a healthy scalp environment for hair growth,Tangible
Create the perfect foundation for styling.,Tangible
Transform your hair with our rejuvenating formula.,Tangible
Enjoy the feeling of clean and healthy hair.,Tangible
Say hello to manageable and tangle-free hair.,Tangible
Unlock the secret to beautiful and healthy hair.,Tangible
Protect against heat styling and environmental damage.,Tangible
Cleanses and purifies the scalp for a healthy foundation,Tangible
Keep your hair looking and feeling healthy.,Tangible
Create the perfect canvas for your favorite hairstyles.,Tangible
Protect against pollution and impurities in the air.,Tangible
Say goodbye to dry and brittle hair.,Tangible
Experience the gentle care of our sulfate-free formula.,Tangible
Reduces hair breakage,Tangible
Say goodbye to dull and lackluster hair.,Tangible
Provides UV protection for your hair,Tangible
Nourish your hair from root to tip for ultimate shine.,Tangible
Achieve salon-quality results with ease.,Tangible
Protect your hair against damage caused by heat styling.,Tangible
"Discover the secret to beautiful, strong hair.",Tangible
Create a stronger foundation for healthier hair.,Tangible
Reduces tangling and breakage for stronger hair,Tangible
Revitalize and rejuvenate your hair from root to tip.,Tangible
Revitalize dull and lifeless hair,Tangible
Unleash your hair's true potential with our formula.,Tangible
Refreshes and invigorates the scalp for a healthy foundation,Tangible
